{"type":"footer","name":"Footer group","sections":{"newsletter_4warPt":{"type":"newsletter","settings":{"full_width":true,"show_icon":false,"title":"GET 10% OFF","content":"<p>Ihre erste Bestellung sichern, solange das Angebot besteht. Abonniere unseren Newsletter für exklusive Angebote und Deals.<\/p>","button_text":"Anmelden","subtext":"","background":"","background_gradient":"","text_color":"","button_background":"","button_text_color":""}},"footer":{"type":"footer","blocks":{"newsletter_QPea3f":{"type":"newsletter","settings":{"image_width":90,"heading_size":"h3","title":"","content":""}},"links_x7niAR":{"type":"links","settings":{"menu":"footer-2","show_menu_title":false}},"links":{"type":"links","settings":{"menu":"footer","show_menu_title":false}},"text_UUJRFj":{"type":"text","settings":{"title":"","content":"<p>Kundenservice:<\/p><p>E-Mail: info@mein-walios.com oder <a href=\"\/pages\/kontakt\" title=\"Kontakt\">Kontaktseite<\/a><\/p>","enable_follow_on_shop":false}}},"block_order":["newsletter_QPea3f","links_x7niAR","links","text_UUJRFj"],"settings":{"show_social_media":true,"show_payment_icons":true,"show_country_selector":false,"show_country_flag":false,"show_country_name":true,"show_locale_selector":true}}},"order":["newsletter_4warPt","footer"]}