{"type":"header","name":"Header group","sections":{"announcement-bar":{"type":"announcement-bar","blocks":{"message":{"type":"message","settings":{"text":"Kostenloser Versand","url":""}}},"block_order":["message"],"settings":{"enable_sticky":false,"text_size":"text-xs","navigation_mode":"arrows","scrolling_speed":10,"background":"#000000","background_gradient":"","text_color":"#ffffff"}},"header":{"type":"header","settings":{"enable_sticky":false,"hide_on_scroll":false,"logo":"shopify:\/\/shop_images\/Dein_Abschnittstext_6.png","logo_max_width":95,"logo_mobile_max_width":70,"menu":"main-menu","sidebar_menu":"","secondary_menu":"","menu_open_trigger":"click","opening_from":"bottom","layout":"logo_left_navigation_inline","show_social_media":true,"show_locale_selector":true,"show_country_selector":true,"show_country_flag":false,"show_country_name":false,"transparent_header_text_color":"#ffffff","reduce_padding":true,"background_opacity":100,"background_blur_radius":0}}},"order":["announcement-bar","header"]}