{"type":"custom.overlay","name":"Overlay group","sections":{"newsletter-popup":{"type":"newsletter-popup","disabled":true,"settings":{"apparition_delay":10,"show_only_on_index":true,"show_only_for_visitors":true,"show_only_once":true,"title":"ERHALTE 10% RABATT","button_text":"Anmelden","subtext":"Abonniere unseren Newsletter und erhalte 10% Rabatt auf deine nächste Bestellung."}},"privacy-banner":{"type":"privacy-banner","disabled":true,"settings":{"privacy_bar_title":"Diese Website verwendet Cookies","privacy_bar_content":"<p>Wir lieben Cookies – egal, ob schokoladig, nussig, fruchtig oder digital. Letztere helfen uns sogar dabei, unsere Website sowie Ihr persönliches Shoppingerlebnis noch besser zu gestalten. Dazu benötigen wir Ihre Einwilligung. Datenschutzerklärung <\/p>"}},"cart-drawer":{"type":"cart-drawer","settings":{"show_cart_note":false,"show_shipping_text":false,"show_view_cart_button":false,"show_checkout_button":true,"recommendations_title":"Passend dazu!","products":["walios-ersatzfilter"],"product_card_background":"#f2f2f2","product_card_text_color":""}},"search-drawer":{"type":"search-drawer","settings":{"full_width":false,"show_article_category":true,"search_menu":"","search_menu_show_title":true}}},"order":["newsletter-popup","privacy-banner","cart-drawer","search-drawer"]}