{"sections":{"banner":{"type":"collection-banner","disabled":true,"settings":{"full_width":false,"allow_transparent_header":false,"enable_parallax":true,"show_collection_title":true,"show_collection_description":true,"show_collection_image":true,"collection_title_size":"h0","image_size":"auto","mobile_text_position":"place-self-center text-center","desktop_text_position":"sm:place-self-center sm:text-center","featured_product":"","featured_product_heading":"Featured product","text_color":"#ffffff","overlay_color":"#000000","overlay_opacity":30}},"main":{"type":"main-collection","disabled":true,"settings":{"products_per_page":24,"products_per_row_mobile":"2","products_per_row_desktop":3,"filter_layout":"sidebar","show_sort_by":true,"show_filters":true,"show_filter_group_name":false,"show_color_swatch":true,"show_empty_filter_values":false,"show_filter_values_count":true,"open_first_filter_group":false}},"custom_liquid_VDRnjN":{"type":"custom-liquid","disabled":true,"settings":{"full_width":true,"remove_vertical_spacing":false,"remove_horizontal_spacing":false,"liquid":"<img style=\"margin:0px auto;\" src=\"https:\/\/cdn.shopify.com\/s\/files\/1\/0829\/4911\/2142\/files\/Buy_2_Get_1_Free_3.png?v=1717877789\" width=\"474\"","background":"","background_gradient":"","text_color":""}},"featured_collection_BtNGxa":{"type":"featured-collection","settings":{"collection":"frontpage","products":[],"full_width":false,"stack_products":true,"show_progress_bar":false,"products_count":50,"products_per_row_mobile":"2","products_per_row_desktop":4,"subheading":"","title":"Alle Produkte","content":"<p>Deine \"Love-Pieces\" auf einen Blick <\/p>","link_url":"","link_text":"","background":"","background_gradient":"","text_color":"","heading_color":"","heading_gradient":"","product_card_background":"","product_card_text_color":""}},"newsletter_Vy7G8K":{"type":"newsletter","disabled":true,"settings":{"full_width":true,"show_icon":false,"title":"Erhalte 10% Rabatt","content":"<p>Melde dich für unseren Newsletter an und sichere dir 10% Rabatt auf deinen ersten Einkauf.<\/p>","button_text":"Anmelden","subtext":"","background":"#e1dee1","background_gradient":"","text_color":"#000000","button_background":"#ffffff","button_text_color":"#000000"}}},"order":["banner","main","custom_liquid_VDRnjN","featured_collection_BtNGxa","newsletter_Vy7G8K"]}