{"sections":{"main":{"type":"main-list-collections","disabled":true,"settings":{"collections":["bestseller"],"collections_per_row":3,"text_color":"#ffffff","overlay_color":"#000000","overlay_opacity":30}},"featured_collection_tkqEGf":{"type":"featured-collection","settings":{"collection":"bestseller","products":[],"full_width":true,"stack_products":true,"show_progress_bar":false,"products_count":6,"products_per_row_mobile":"2","products_per_row_desktop":4,"subheading":"","title":"Unsere Besteller","content":"<p>Deine \"Love-IT's\" auf einem Blick<\/p>","link_url":"","link_text":"","background":"","background_gradient":"","text_color":"","heading_color":"","heading_gradient":"","product_card_background":"","product_card_text_color":""}}},"order":["main","featured_collection_tkqEGf"]}