{"sections":{"main":{"type":"main-page","disabled":true,"settings":{"content_width":"80ch"}},"rich_text_rYng3p":{"type":"rich-text","blocks":{"heading_cHFUY7":{"type":"heading","settings":{"text":"Kontakt","heading_tag":"h1","text_color":"","gradient":""}},"richtext_w3jy3D":{"type":"richtext","settings":{"content":"<p>Zögere nicht & schicke uns eine Nachricht, wo wir so schnell wie möglich antworten. 💌<\/p><p>Bitte beachte, dass der Kundenservice über Instagram derzeit nicht verfügbar ist. Bitte sende uns ausschließlich eine E-Mail. Mehrere E-Mails könnten zu Verzögerungen bei der Bearbeitung führen. Danke!<\/p><p>Bürozeiten: Unser Kundenservice ist an Werktagen von Montag bis Freitag von 09:00 bis 17:00 verfügbar.<\/p>"}}},"block_order":["heading_cHFUY7","richtext_w3jy3D"],"settings":{"full_width":true,"content_width":"medium","text_position":"center","background":"","background_gradient":"","text_color":""}},"contact_a3aVnE":{"type":"contact","settings":{"full_width":true,"subheading":"","title":"","content":"","text_position":"center","contact_form_size":"large","background":"rgba(0,0,0,0)","background_gradient":"","text_color":"","heading_color":"","heading_gradient":"","contact_background":"#ffffff","contact_text_color":"#1a1a1a","button_background":"","button_text_color":""}}},"order":["main","rich_text_rYng3p","contact_a3aVnE"]}