{"sections":{"main":{"type":"main-page","disabled":true,"settings":{"content_width":"80ch"}},"image_with_text_overlay_jnj6mL":{"type":"image-with-text-overlay","settings":{"full_width":true,"allow_transparent_header":false,"enable_parallax":false,"image_size":"auto","image":"shopify:\/\/shop_images\/Dein_Abschnittstext_1.png","mobile_image":"shopify:\/\/shop_images\/Design_ohne_Titel_41_deb603f3-b90b-4490-a4c4-490b78453b05.png","mobile_text_position":"place-self-center text-center","desktop_text_position":"sm:place-self-center sm:text-center","text_color":"#ffffff","overlay_color":"#000000","overlay_opacity":15}},"images_with_text_scrolling_XVgYFa":{"type":"images-with-text-scrolling","blocks":{"item_DAJChK":{"type":"item","settings":{"image":"shopify:\/\/shop_images\/3_29690b00-f7ce-4b64-9912-7d518a05bf0f.png","icon":"none","icon_width":48,"title":"Der Wasserhahn hat ein Außengewinde","content":"<p><strong>Schrauben Sie den ursprünglichen Wasserhahn ab und bauen Sie den Filter direkt ein.<\/strong><\/p>"}},"item_Dec3Qh":{"type":"item","settings":{"image":"shopify:\/\/shop_images\/4.png","icon":"none","icon_width":48,"title":"Der Wasserhahn hat ein Innengewinde","content":"<p><strong>Der Filter wird direkt nach dem Anschluss des <br\/>Gewindeadapters installiert.<\/strong><\/p>"}},"item_U7EWwT":{"type":"item","settings":{"image":"shopify:\/\/shop_images\/5.png","icon":"none","icon_width":48,"title":"Wasserhahn ohne Gewinde","content":"<p>Auf den Wasserhahn aufsetzen. Dann den Adapter montieren.<\/p>"}}},"block_order":["item_DAJChK","item_Dec3Qh","item_U7EWwT"],"settings":{"full_width":true,"stack_on_mobile":false,"show_counter":true,"desktop_image_effect":"fade","image_position":"end","background":"","background_gradient":"","text_color":"","heading_color":"","heading_gradient":""}},"image_with_text_overlay_ztUiyW":{"type":"image-with-text-overlay","settings":{"full_width":true,"allow_transparent_header":false,"enable_parallax":false,"image_size":"auto","image":"shopify:\/\/shop_images\/Dein_Abschnittstext_10.png","mobile_image":"shopify:\/\/shop_images\/Design_ohne_Titel_40.png","mobile_text_position":"place-self-center text-center","desktop_text_position":"sm:place-self-center sm:text-center","text_color":"#ffffff","overlay_color":"#000000","overlay_opacity":0}}},"order":["main","image_with_text_overlay_jnj6mL","images_with_text_scrolling_XVgYFa","image_with_text_overlay_ztUiyW"]}