{"sections":{"main":{"type":"main-page","disabled":true,"settings":{"content_width":"100ch"}},"rich_text_fqUMFc":{"type":"rich-text","blocks":{"heading_TRDVaC":{"type":"heading","settings":{"text":"Zahlungsmethoden","heading_tag":"h1","text_color":"","gradient":""}},"richtext_XxqCj8":{"type":"richtext","settings":{"content":"<p>Während deines Einkaufs stehen dir folgende Zahlungsmethoden zur Verfügung:<\/p><p><strong>PAYPAL<\/strong><\/p><p>PayPal bietet verschiedene Zahlungsmöglichkeiten an und versichert Bestellungen bis zu 500 EUR - hierfür benötigst du lediglich einen kostenlosen Account.<\/p><p>Möchtest du deine Bestellung via PayPal bezahlen, wirst du direkt weitergeleitet und gebeten, dich mit deinem Account einzuloggen oder dich neu zu registrieren. Sobald das geschehen ist, musst du nur noch die gewünschte Zahlungsmethode wählen (PayPal-Guthaben, Lastschrift oder Kreditkarte) und die Bezahlung bestätigen.<\/p><p>Wir erhalten daraufhin von PayPal eine Bestätigung und verschicken umgehend deine Ware.<\/p><p><strong>KREDITKARTE<\/strong><\/p><p>Wir akzeptieren Zahlungen über <strong>VISA, MasterCard & American Express, Apple Pay, Google Pay, Shop Pay.<\/strong> Unser Zahlungsanbieter Stripe ermöglicht den Bezahlungsvorgang bequem und sicher direkt in unserem Check-out Prozess. Die Belastung deines Kreditkartenkontos erfolgt mit Abschluss der Bestellung.<\/p><p><strong>FRAGEN?<\/strong><\/p><p>Sende uns eine Nachricht an<a href=\"https:\/\/mein-walios.com\/pages\/kontakt\"> info@mein-walios.com<\/a> und wir antworten Dir so schnell möglich.<\/p>"}}},"block_order":["heading_TRDVaC","richtext_XxqCj8"],"settings":{"full_width":true,"content_width":"small","text_position":"center","background":"","background_gradient":"","text_color":""}}},"order":["main","rich_text_fqUMFc"]}