{"sections":{"main":{"type":"main-page","disabled":true,"settings":{"content_width":"80ch"}},"media_with_text_fn3Xcy":{"type":"media-with-text","blocks":{"image_U9Ra8P":{"type":"image","settings":{"image":"shopify:\/\/shop_images\/IST_SCHMUTZIGES_WASSER_TEIL_DEINER_SKINCARE-ROUTINE_1.png","media_width":45,"media_position":"end","text_position":"place-self-center-start text-start","icon":"none","icon_width":48,"subheading":"","title":"Wie schmutzig ist Ihr Leitungswasser?","content":"<p>Mineralien wie Kalzium und Magnesium sind zwar wichtig für die Gesundheit, können jedoch das natürliche Gleichgewicht von Haut und Haar stören, wenn sie im Wasser vorhanden sind. Der Walios-Filter geht einen Schritt weiter und entfernt nicht nur diese Mineralien, sondern auch schädliche Schwermetalle wie Cadmium, Arsen, Blei und Kupfer.<\/p><p>Diese Stoffe können die Haut aus dem Gleichgewicht bringen und verschiedene Probleme verursachen:<\/p><p>• Geschwächte Feuchtigkeitsbarriere<br\/>• Trockenheit und Dehydration<br\/>• Reizungen und erhöhte Empfindlichkeit<br\/>• Raue Hauttextur<br\/>• Verstopfte Poren<\/p><p>Indem Walios eine Vielzahl von Unreinheiten entfernt, reduziert er das Risiko von verstopften Poren und trockener, gereizter Haut. So kann Ihre Haut atmen und Pflegeprodukte besser aufnehmen. Erleben Sie die transformative Wirkung von Walios und entdecken Sie das Geheimnis gesünderer, strahlender Haut.<\/p>","link_text":"Jetzt ausprobieren","link_url":"shopify:\/\/products\/walios-filter","background":"#ffffff","background_gradient":"","text_color":"#000000","text_gradient":"","button_background":"","button_text_color":""}}},"block_order":["image_U9Ra8P"],"settings":{"full_width":false,"spacing":"none"}},"testimonials_aatQaT":{"type":"testimonials","blocks":{"testimonial_yVR4in":{"type":"testimonial","settings":{"round_avatar":false,"show_rating":false,"rating":4,"author":"","title":"PFAS-Verunreinigungen","content":"<p>Synthetische PFAS-Chemikalien sind in mehr als der Hälfte des EU-Leitungswassers verbreitet und stellen ein Gesundheitsrisiko dar. Diese „ewigen Chemikalien“ bleiben dauerhaft in der Umwelt und erfordern dringende Lösungen.<\/p>"}},"testimonial_8NABwL":{"type":"testimonial","settings":{"round_avatar":false,"show_rating":false,"rating":5,"author":"","title":"Weit verbreitete Präsenz","content":"<p>Egal, ob aus der öffentlichen Wasserversorgung oder einem privaten Brunnen – die PFAS-Konzentrationen bleiben konstant. Der Bedarf an effektiver Filterung besteht unabhängig von der Wasserquelle.<\/p>"}},"testimonial_i669az":{"type":"testimonial","settings":{"round_avatar":false,"show_rating":false,"rating":4,"author":"","title":"Städtische Gebiete in Gefahr","content":"<p>In städtischen Gebieten nahe PFAS-Quellen ist das Risiko einer Exposition hoch. Im Leitungswasser dieser Regionen finden sich PFAS in etwa 75 % der Fälle. Der Walios-Filter ist daher unverzichtbar für Ihre Gesundheit.<\/p>"}}},"block_order":["testimonial_yVR4in","testimonial_8NABwL","testimonial_i669az"],"settings":{"full_width":true,"stack_testimonials":true,"subheading":"","title":"SCHÜTZEN SIE IHRE GESUNDHEIT MIT WALIOS-FILTER","content":"<p>Mehr als 50% des Leitungswassers in der EU enthalten schädliche PFAS-Chemikalien.<\/p>","link_url":"","link_text":"","background":"#f1f5ef","background_gradient":"","text_color":"","heading_color":"","heading_gradient":"","testimonial_card_background":"#ffffff","testimonial_card_text_color":""}},"media_with_text_4BzBDe":{"type":"media-with-text","blocks":{"image_CiRcVX":{"type":"image","settings":{"image":"shopify:\/\/shop_images\/IST_SCHMUTZIGES_WASSER_TEIL_DEINER_SKINCARE-ROUTINE_3.png","media_width":50,"media_position":"start","text_position":"place-self-center-start text-start","icon":"none","icon_width":48,"subheading":"","title":"Hartes Wasser = trockene Haut","content":"<p>Wussten Sie, dass Ihr tägliches Wasser die Ursache für trockene, alternde Haut sein könnte? Hartes Wasser, das reich an Mineralien wie Kalzium und Magnesium ist, kann die Feuchtigkeitsversorgung und Vitalität Ihrer Haut beeinträchtigen.<\/p><p>Diese Mineralien können nicht nur Rückstände auf Geschirr hinterlassen, sondern auch den natürlichen Ölfluss Ihrer Haut stören. Das beschleunigt die Hautalterung und lässt feine Linien und Fältchen stärker hervortreten.<\/p><p>Walios filtert diese aggressiven Mineralien aus und sorgt für weiches, gereinigtes Wasser, das sanft zu Ihrer Haut ist. Entdecken Sie Ihre natürliche Ausstrahlung mit Walios – denn jeder verdient es, sich schön und selbstbewusst in seiner Haut zu fühlen.<\/p>","link_text":"Kaufe sauberes Wasser","link_url":"shopify:\/\/products\/walios-filter","background":"#ffffff","background_gradient":"","text_color":"#000000","text_gradient":"","button_background":"","button_text_color":""}}},"block_order":["image_CiRcVX"],"settings":{"full_width":false,"spacing":"none"}},"media_with_text_a9GBqe":{"type":"media-with-text","blocks":{"image_RkNE9n":{"type":"image","settings":{"image":"shopify:\/\/shop_images\/IST_SCHMUTZIGES_WASSER_TEIL_DEINER_SKINCARE-ROUTINE_5.png","media_width":50,"media_position":"end","text_position":"place-self-center-start text-start","icon":"none","icon_width":48,"subheading":"","title":"Die Realität von Mikroplastik","content":"<p>Mikroplastik sind winzige Plastikpartikel, die aus verschiedenen Quellen in unser Wasser gelangen. Diese kaum sichtbaren Partikel stammen oft aus Produkten wie Gesichtspeelings mit Mikrokügelchen oder durch die Abnutzung synthetischer Kleidung. Auch größere Kunststoffgegenstände wie Wasserflaschen zersetzen sich im Laufe der Zeit und setzen Mikroplastik frei. Diese Partikel verbleiben jahrhundertelang in der Umwelt, stören Ökosysteme und gelangen in die Nahrungskette.<\/p><p>Walios bekämpft dieses Problem direkt. Unser fortschrittliches Filtersystem entfernt Unreinheiten, die Ihre Hautgesundheit und Schönheitspflege beeinträchtigen könnten. Walios-Wasser ergänzt perfekt Ihre Körperpflege und verstärkt den natürlichen Glanz Ihrer Haut, sodass Sie sich nach jedem waschen frisch und selbstbewusst fühlen.<\/p>","link_text":"","link_url":"","background":"#ffffff","background_gradient":"","text_color":"#000000","text_gradient":"","button_background":"","button_text_color":""}}},"block_order":["image_RkNE9n"],"settings":{"full_width":false,"spacing":"none"}},"image_with_text_overlay_NUFWL6":{"type":"image-with-text-overlay","settings":{"full_width":true,"allow_transparent_header":false,"enable_parallax":false,"image_size":"auto","image":"shopify:\/\/shop_images\/Dein_Abschnittstext_3200_x_1500_px.png","mobile_image":"shopify:\/\/shop_images\/Dein_Abschnittstext_3200_x_1500_px_1.png","mobile_text_position":"place-self-center text-center","desktop_text_position":"sm:place-self-center sm:text-center","text_color":"#ffffff","overlay_color":"#000000","overlay_opacity":0}}},"order":["main","media_with_text_fn3Xcy","testimonials_aatQaT","media_with_text_4BzBDe","media_with_text_a9GBqe","image_with_text_overlay_NUFWL6"]}