{"sections":{"main":{"type":"main-product","blocks":{"title":{"type":"title","settings":{"heading_tag":"h2"}},"badges":{"type":"badges","settings":{}},"price":{"type":"price","settings":{"show_taxes_notice":false}},"payment_terms":{"type":"payment_terms","settings":{}},"separator":{"type":"separator","settings":{}},"liquid_BACWdG":{"type":"liquid","disabled":true,"settings":{"liquid":"<div class=\"lightly-spaced-row not-in-quickbuy\" style=\"text-align: left;\">\n  <div class=\"product-info-block with-icon text-box\" style=\"--box-color: #f2f2f2; --box-text-color: 89, 89, 89; display: flex; align-items: flex-start; font-size: 14px; background-color: #F2F2F2; padding: 10px;\">\n    <svg class=\"icon icon--small icon--type-check_mark_in_circle\" stroke-width=\"1\" aria-hidden=\"true\" focusable=\"false\" role=\"presentation\" xmlns=\"http:\/\/www.w3.org\/2000\/svg\" viewBox=\"0 0 16 16\" style=\"width: 1.5em; height: 1.5em; margin-right: 8px;\" id=\"check-icon\">\n      <circle stroke=\"currentColor\" fill=\"none\" cx=\"8\" cy=\"8\" r=\"6.6666665\"><\/circle>\n      <path stroke=\"currentColor\" fill=\"none\" transform=\"translate(5.0003335,6.0003335)\" d=\"m 6,0 -4,4 L 0,2.1818182\"><\/path>\n    <\/svg>\n    <div style=\"display: flex; flex-direction: column;\">\n      <div style=\"display: flex; align-items: center;\">\n        <span>KAUFE 1 & ERHALTE 30% AUF EIN WEITERES<\/span>\n      <\/div>\n      <span class=\"with-icon__beside\">Der Rabatt wird automatisch angewendet, nachdem Du 2 Artikel in den Warenkorb gelegt hast.<\/span>\n    <\/div>\n  <\/div>\n<\/div>\n\n<style>\n  @media (max-width: 768px) { \/* Angepasst für Handyansicht *\/\n    #check-icon {\n      width: 2em; \/* Größeres Icon für Handyansicht *\/\n      height: 2em; \/* Größeres Icon für Handyansicht *\/\n    }\n  }\n<\/style>"}},"text_7gDF7V":{"type":"text","settings":{"text":"<p>✅ Entfernt sofort schädliche Chemikalien<br\/>💦 Filtert 99 % von Chlor, Mikroplastik und Schadstoffen heraus<br\/>☺️ Reduziert Trockenheit und Ekzeme für bessere Haut<br\/>🛡️ Schützt Ihre Hautbarriere<br\/>🚰 Filterwechsel alle 30 Tage empfohlen<\/p>"}},"description":{"type":"description","settings":{"collapse_content":false}},"separator_KJ9ifc":{"type":"separator","settings":{}},"variant_picker":{"type":"variant_picker","settings":{"hide_sold_out_variants":false,"stack_blocks":true,"selector_mode":"block","color_mode":"variant","size_chart_page":""}},"quantity_selector":{"type":"quantity_selector","settings":{}},"liquid_McV93f":{"type":"liquid","disabled":true,"settings":{"liquid":"<div class=\"lb-atc-benefits\">\n\n  <div style=\"margin-right: 2%;\" class=\"lb-atc-benefits-div\">\n    <img class=\"FW_Product__Info--image\" alt=\"100 Tage Rückgaberecht\" style=\"margin-right: 12px\" src=\"https:\/\/cdn.shopify.com\/s\/files\/1\/0649\/8562\/8922\/t\/6\/assets\/return.png?v=1665823074\">\n\n     <p>\n       <b>14 Tage<\/b>\n       <br>Geld zurück\n     <\/p>\n   <\/div>‍\n  \n  <div class=\"lb-atc-benefits-div\">\n    <img class=\"FW_Product__Info--image\" alt=\"Kostenloser Versand über 49€\" style=\"margin-right: 12px\" src=\"https:\/\/cdn.shopify.com\/s\/files\/1\/0649\/8562\/8922\/t\/6\/assets\/ship.png?v=1665823074\">   \n     <p>\n       <b>Kostenloser<\/b>\n       <br>Versand ab 50€\n     <\/p>\n   <\/div>\n  ‍\n  <\/div>\n  \n  <style>\n   .lb-atc-benefits {\n     margin-top: 0px !important;\n     \/* Änderung Abstand nach oben *\/\n     margin-bottom: 9px !important;\n     \/* Änderung Abstand nach oben *\/\n     display: flex !important;\n     align-items: center !important;\n   }\n  \n  .lb-atc-benefits-div {\n     width: 49% !important;\n     padding: 9px 9px !important;\n     border-radius: 6px !important;\n     font-size: 12px !important;\n     line-height: 14px !important;\n     background: #f2f2f2 !important;\n     text-align: left !important;\n     display: flex !important;\n     align-items: center !important;\n   }\n  \n  .lb-atc-benefits div img {\n     width: 28px !important;\n     margin-right: 9px !important;\n   }\n  \n  .lb-atc-benefits div p {\n     margin: 0px !important;\n   }\n  <\/style>"}},"liquid_CJr3eC":{"type":"liquid","disabled":true,"settings":{"liquid":"<div class=\"lightly-spaced-row not-in-quickbuy\">\n\n<div class=\"icon-pulse\">\n  <span class=\"pulsing\"><\/span>\n  <span class=\"pulse-text\">Auf Lager, versandbereit <\/span>\n<\/div>\n\n<style>\n.icon-pulse {\n  display: flex;\n  flex-wrap: nowrap;\n  align-items: center;\n}\n\n.pulsing {\n  width: 20px;\n  height: 20px;\n  margin-right: 1.3rem;\n  position: relative;\n}\n\n.pulsing::before,\n.pulsing::after {\n  content: \"\";\n  background-color: #54c63a; \/*Set the   background color here*\/\n  height: 10px;\n  width: 10px;\n  position: absolute;\n  margin: 5px;\n  border-radius: 100%;\n}\n\n@keyframes icon-pulsing {\n  \n  0% {\n    opacity: 0.5;\n  }\n  \n  to {\n    transform: scale(2.5);\n    opacity: 0;\n  }\n\t\n}\n\n.pulsing::before {\n  animation: icon-pulsing linear normal 2s infinite;\n}\n\n}\n<\/style>\n\n<\/div>"}},"liquid_P3VAXA":{"type":"liquid","settings":{"liquid":"<!DOCTYPE html>\n<html lang=\"de\">\n<head>\n  <meta charset=\"UTF-8\">\n  <meta name=\"viewport\" content=\"width=device-width, initial-scale=1.0\">\n  <style>\n    \/* Gemeinsame Stile für alle Blöcke *\/\n    .lightly-spaced-row {\n      display: flex;\n      justify-content: flex-start; \/* Linksbündig ausrichten *\/\n      margin-top: 5px; \/* Noch kleinerer Abstand nach oben *\/\n      width: 100%; \/* Volle Breite des Containers *\/\n    }\n\n    .product-info-block {\n      display: flex;\n      align-items: center; \/* Zentriert das Icon vertikal mit dem Text *\/\n      font-size: 16px; \/* Gleiche Schriftgröße wie im ersten Code *\/\n      font-family: Arial, sans-serif; \/* Gleiche Schriftart wie im ersten Code *\/\n      font-weight: normal; \/* Gleiche Schriftstärke wie im ersten Code *\/\n      background-color: transparent; \/* Kein Hintergrund *\/\n      padding: 5px; \/* Minimaler Abstand *\/\n      text-align: left; \/* Linksbündige Ausrichtung des Textes *\/\n      width: auto; \/* Automatische Breite, damit es sich an den Inhalt anpasst *\/\n    }\n\n    .icon {\n      display: flex;\n      align-items: center; \/* Zentriert das Icon vertikal *\/\n      margin-right: 8px; \/* Abstand zwischen Icon und Text *\/\n    }\n\n    .theme-img, .icon-pulse img {\n      width: 20px; \/* Angepasste Größe für das Icon *\/\n      height: 20px; \/* Angepasste Größe für das Icon *\/\n      vertical-align: middle; \/* Vertikale Ausrichtung des Bildes *\/\n    }\n\n    .with-icon__beside, .pulse-text {\n      color: #595959; \/* Textfarbe für den Inhalt *\/\n      font-size: 16px; \/* Gleiche Schriftgröße wie im ersten Code *\/\n      font-family: Arial, sans-serif; \/* Gleiche Schriftart wie im ersten Code *\/\n      font-weight: normal; \/* Gleiche Schriftstärke wie im ersten Code *\/\n    }\n\n    \/* Pulsierendes Icon *\/\n    .icon-pulse {\n      display: flex;\n      align-items: center;\n      font-size: 16px; \/* Gleiche Schriftgröße wie im ersten Code *\/\n    }\n\n    .pulsing {\n      width: 20px; \/* Gleiche Größe wie das Schriftzeichen *\/\n      height: 20px; \/* Gleiche Größe wie das Schriftzeichen *\/\n      margin-right: 8px; \/* Abstand zwischen Icon und Text *\/\n      position: relative;\n    }\n\n    .pulsing::before,\n    .pulsing::after {\n      content: \"\";\n      background-color: #54c63a; \/* Hintergrundfarbe des pulsierenden Icons *\/\n      height: 10px; \/* Gleiche Größe wie die Hälfte des Icons *\/\n      width: 10px; \/* Gleiche Größe wie die Hälfte des Icons *\/\n      position: absolute;\n      margin: 5px; \/* Entsprechend der Größe des Icons *\/\n      border-radius: 100%;\n    }\n\n    @keyframes icon-pulsing {\n      0% {\n        opacity: 0.5;\n      }\n      to {\n        transform: scale(2.5);\n        opacity: 0;\n      }\n    }\n\n    .pulsing::before {\n      animation: icon-pulsing linear normal 2s infinite;\n    }\n  <\/style>\n<\/head>\n<body>\n  <!-- Dritter Block (ehemals letzter) -->\n  <div class=\"lightly-spaced-row not-in-quickbuy\">\n    <div class=\"icon-pulse\">\n      <span class=\"pulsing\"><\/span>\n      <span class=\"pulse-text\">Auf Lager, versandbereit<\/span>\n    <\/div>\n  <\/div>\n\n  <!-- Erster Block (ehemals zweiter) -->\n  <div class=\"lightly-spaced-row not-in-quickbuy\">\n    <div class=\"product-info-block with-icon\">\n      <svg class=\"icon icon--small icon--type-box\" stroke-width=\"1\" aria-hidden=\"true\" focusable=\"false\" role=\"presentation\" xmlns=\"http:\/\/www.w3.org\/2000\/svg\" viewBox=\"0 0 16 16\" width=\"20\" height=\"20\">\n        <path d=\"M14.41 3.37L8.27 1.41a1 1 0 00-.61 0L1.52 3.37a1 1 0 00-.7.95v7.86c0 .41.25.78.63.93l6.14 2.46c.24.1.5.1.75 0l6.14-2.46a1 1 0 00.62-.93V4.32a1 1 0 00-.69-.95zM7.96 2.36l6.05 1.93-2.7.9L5.35 3.2l2.63-.84zm-.46 12.1l-5.68-2.28V5.3L7.5 7.2v7.26zM8 6.3L1.96 4.28l2.58-.82 5.99 2L8 6.3zm6.1 5.89l-5.6 2.24V7.19l5.6-1.87v6.87z\"><\/path>\n      <\/svg>\n      <span class=\"with-icon__beside\">Kostenloser Versand<\/span>\n    <\/div>\n  <\/div>\n\n  <!-- Zweiter Block (ehemals dritter) -->\n  <div class=\"lightly-spaced-row not-in-quickbuy\">\n    <div class=\"product-info-block with-icon\">\n      <span class=\"icon icon--image icon--small\">\n        <img src=\"\/\/de.soera-shop.com\/cdn\/shop\/files\/Fast-icon.png?v=1717594999&amp;width=512\" \n             alt=\"\" \n             srcset=\"\/\/de.soera-shop.com\/cdn\/shop\/files\/Fast-icon.png?v=1717594999&amp;width=16 16w, \/\/de.soera-shop.com\/cdn\/shop\/files\/Fast-icon.png?v=1717594999&amp;width=32 32w\" \n             width=\"20\" \n             height=\"20\" \n             loading=\"lazy\" \n             sizes=\"20px\" \n             class=\"theme-img\">\n      <\/span>\n      <span class=\"with-icon__beside\">Sehr beliebt, nur noch wenige verfügbar<\/span>\n    <\/div>\n  <\/div>\n<\/body>\n<\/html>"}},"buy_buttons":{"type":"buy_buttons","settings":{"show_payment_button":false,"show_gift_card_recipient":true,"atc_button_background":"","atc_button_text_color":"","payment_button_background":"","payment_button_text_color":""}},"liquid_7tkTrC":{"type":"liquid","settings":{"liquid":"<ul style=\"justify-content:center;\"  class=\"footer__payment-icons h-stack wrap gap-2\"><svg xmlns=\"http:\/\/www.w3.org\/2000\/svg\" role=\"img\" viewBox=\"0 0 38 \" width=\"38\" height=\"24\" aria-labelledby=\"pi-american_express\"><title id=\"pi-american_express\">American Express<\/title><g fill=\"none\"><path fill=\"#000\" d=\"M35,0 L3,0 C1.3,0 0,1.3 0,3 L0,21 C0,22.7 1.4,24 3,24 L35,24 C36.7,24 38,22.7 38,21 L38,3 C38,1.3 36.6,0 35,0 Z\" opacity=\".07\"><\/path><path fill=\"#006FCF\" d=\"M35,1 C36.1,1 37,1.9 37,3 L37,21 C37,22.1 36.1,23 35,23 L3,23 C1.9,23 1,22.1 1,21 L1,3 C1,1.9 1.9,1 3,1 L35,1\"><\/path><path fill=\"#FFF\" d=\"M8.971,10.268 L9.745,12.144 L8.203,12.144 L8.971,10.268 Z M25.046,10.346 L22.069,10.346 L22.069,11.173 L24.998,11.173 L24.998,12.412 L22.075,12.412 L22.075,13.334 L25.052,13.334 L25.052,14.073 L27.129,11.828 L25.052,9.488 L25.046,10.346 L25.046,10.346 Z M10.983,8.006 L14.978,8.006 L15.865,9.941 L16.687,8 L27.057,8 L28.135,9.19 L29.25,8 L34.013,8 L30.494,11.852 L33.977,15.68 L29.143,15.68 L28.065,14.49 L26.94,15.68 L10.03,15.68 L9.536,14.49 L8.406,14.49 L7.911,15.68 L4,15.68 L7.286,8 L10.716,8 L10.983,8.006 Z M19.646,9.084 L17.407,9.084 L15.907,12.62 L14.282,9.084 L12.06,9.084 L12.06,13.894 L10,9.084 L8.007,9.084 L5.625,14.596 L7.18,14.596 L7.674,13.406 L10.27,13.406 L10.764,14.596 L13.484,14.596 L13.484,10.661 L15.235,14.602 L16.425,14.602 L18.165,10.673 L18.165,14.603 L19.623,14.603 L19.647,9.083 L19.646,9.084 Z M28.986,11.852 L31.517,9.084 L29.695,9.084 L28.094,10.81 L26.546,9.084 L20.652,9.084 L20.652,14.602 L26.462,14.602 L28.076,12.864 L29.624,14.602 L31.499,14.602 L28.987,11.852 L28.986,11.852 Z\"><\/path><\/g><\/svg>\n<svg version=\"1.1\" xmlns=\"http:\/\/www.w3.org\/2000\/svg\" role=\"img\" x=\"0\" y=\"0\" width=\"38\" height=\"24\" viewBox=\"0 0 165.521 105.965\" xml:space=\"preserve\" aria-labelledby=\"pi-apple_pay\"><title id=\"pi-apple_pay\">Apple Pay<\/title><path fill=\"#000\" d=\"M150.698 0H14.823c-.566 0-1.133 0-1.698.003-.477.004-.953.009-1.43.022-1.039.028-2.087.09-3.113.274a10.51 10.51 0 0 0-2.958.975 9.932 9.932 0 0 0-4.35 4.35 10.463 10.463 0 0 0-.975 2.96C.113 9.611.052 10.658.024 11.696a70.22 70.22 0 0 0-.022 1.43C0 13.69 0 14.256 0 14.823v76.318c0 .567 0 1.132.002 1.699.003.476.009.953.022 1.43.028 1.036.09 2.084.275 3.11a10.46 10.46 0 0 0 .974 2.96 9.897 9.897 0 0 0 1.83 2.52 9.874 9.874 0 0 0 2.52 1.83c.947.483 1.917.79 2.96.977 1.025.183 2.073.245 3.112.273.477.011.953.017 1.43.02.565.004 1.132.004 1.698.004h135.875c.565 0 1.132 0 1.697-.004.476-.002.952-.009 1.431-.02 1.037-.028 2.085-.09 3.113-.273a10.478 10.478 0 0 0 2.958-.977 9.955 9.955 0 0 0 4.35-4.35c.483-.947.789-1.917.974-2.96.186-1.026.246-2.074.274-3.11.013-.477.02-.954.022-1.43.004-.567.004-1.132.004-1.699V14.824c0-.567 0-1.133-.004-1.699a63.067 63.067 0 0 0-.022-1.429c-.028-1.038-.088-2.085-.274-3.112a10.4 10.4 0 0 0-.974-2.96 9.94 9.94 0 0 0-4.35-4.35A10.52 10.52 0 0 0 156.939.3c-1.028-.185-2.076-.246-3.113-.274a71.417 71.417 0 0 0-1.431-.022C151.83 0 151.263 0 150.698 0z\"><\/path><path fill=\"#FFF\" d=\"M150.698 3.532l1.672.003c.452.003.905.008 1.36.02.793.022 1.719.065 2.583.22.75.135 1.38.34 1.984.648a6.392 6.392 0 0 1 2.804 2.807c.306.6.51 1.226.645 1.983.154.854.197 1.783.218 2.58.013.45.019.9.02 1.36.005.557.005 1.113.005 1.671v76.318c0 .558 0 1.114-.004 1.682-.002.45-.008.9-.02 1.35-.022.796-.065 1.725-.221 2.589a6.855 6.855 0 0 1-.645 1.975 6.397 6.397 0 0 1-2.808 2.807c-.6.306-1.228.511-1.971.645-.881.157-1.847.2-2.574.22-.457.01-.912.017-1.379.019-.555.004-1.113.004-1.669.004H14.801c-.55 0-1.1 0-1.66-.004a74.993 74.993 0 0 1-1.35-.018c-.744-.02-1.71-.064-2.584-.22a6.938 6.938 0 0 1-1.986-.65 6.337 6.337 0 0 1-1.622-1.18 6.355 6.355 0 0 1-1.178-1.623 6.935 6.935 0 0 1-.646-1.985c-.156-.863-.2-1.788-.22-2.578a66.088 66.088 0 0 1-.02-1.355l-.003-1.327V14.474l.002-1.325a66.7 66.7 0 0 1 .02-1.357c.022-.792.065-1.717.222-2.587a6.924 6.924 0 0 1 .646-1.981c.304-.598.7-1.144 1.18-1.623a6.386 6.386 0 0 1 1.624-1.18 6.96 6.96 0 0 1 1.98-.646c.865-.155 1.792-.198 2.586-.22.452-.012.905-.017 1.354-.02l1.677-.003h135.875\"><\/path><g><g><path fill=\"#000\" d=\"M43.508 35.77c1.404-1.755 2.356-4.112 2.105-6.52-2.054.102-4.56 1.355-6.012 3.112-1.303 1.504-2.456 3.959-2.156 6.266 2.306.2 4.61-1.152 6.063-2.858\"><\/path><path fill=\"#000\" d=\"M45.587 39.079c-3.35-.2-6.196 1.9-7.795 1.9-1.6 0-4.049-1.8-6.698-1.751-3.447.05-6.645 2-8.395 5.1-3.598 6.2-.95 15.4 2.55 20.45 1.699 2.5 3.747 5.25 6.445 5.151 2.55-.1 3.549-1.65 6.647-1.65 3.097 0 3.997 1.65 6.696 1.6 2.798-.05 4.548-2.5 6.247-5 1.95-2.85 2.747-5.6 2.797-5.75-.05-.05-5.396-2.101-5.446-8.251-.05-5.15 4.198-7.6 4.398-7.751-2.399-3.548-6.147-3.948-7.447-4.048\"><\/path><\/g><g><path fill=\"#000\" d=\"M78.973 32.11c7.278 0 12.347 5.017 12.347 12.321 0 7.33-5.173 12.373-12.529 12.373h-8.058V69.62h-5.822V32.11h14.062zm-8.24 19.807h6.68c5.07 0 7.954-2.729 7.954-7.46 0-4.73-2.885-7.434-7.928-7.434h-6.706v14.894z\"><\/path><path fill=\"#000\" d=\"M92.764 61.847c0-4.809 3.665-7.564 10.423-7.98l7.252-.442v-2.08c0-3.04-2.001-4.704-5.562-4.704-2.938 0-5.07 1.507-5.51 3.82h-5.252c.157-4.86 4.731-8.395 10.918-8.395 6.654 0 10.995 3.483 10.995 8.89v18.663h-5.38v-4.497h-.13c-1.534 2.937-4.914 4.782-8.579 4.782-5.406 0-9.175-3.222-9.175-8.057zm17.675-2.417v-2.106l-6.472.416c-3.64.234-5.536 1.585-5.536 3.95 0 2.288 1.975 3.77 5.068 3.77 3.95 0 6.94-2.522 6.94-6.03z\"><\/path><path fill=\"#000\" d=\"M120.975 79.652v-4.496c.364.051 1.247.103 1.715.103 2.573 0 4.029-1.09 4.913-3.899l.52-1.663-9.852-27.293h6.082l6.863 22.146h.13l6.862-22.146h5.927l-10.216 28.67c-2.34 6.577-5.017 8.735-10.683 8.735-.442 0-1.872-.052-2.261-.157z\"><\/path><\/g><\/g><\/svg>\n<svg xmlns=\"http:\/\/www.w3.org\/2000\/svg\" role=\"img\" width=\"38\" height=\"24\" viewBox=\"0 0 38 24\" aria-labelledby=\"pi-klarna\"><title id=\"pi-klarna\">Klarna<\/title><g stroke=\"none\" stroke-width=\"1\" fill=\"none\" fill-rule=\"evenodd\"><path d=\"M35 0H3C1.3 0 0 1.3 0 3v18c0 1.7 1.4 3 3 3h32c1.7 0 3-1.3 3-3V3c0-1.7-1.4-3-3-3z\" fill=\"#FFB3C7\"><\/path><path d=\"M35 1c1.1 0 2 .9 2 2v18c0 1.1-.9 2-2 2H3c-1.1 0-2-.9-2-2V3c0-1.1.9-2 2-2h32\" fill=\"#FFB3C7\"><\/path><path d=\"M34.117 13.184c-.487 0-.882.4-.882.892 0 .493.395.893.882.893.488 0 .883-.4.883-.893a.888.888 0 00-.883-.892zm-2.903-.69c0-.676-.57-1.223-1.274-1.223-.704 0-1.274.547-1.274 1.222 0 .675.57 1.223 1.274 1.223.704 0 1.274-.548 1.274-1.223zm.005-2.376h1.406v4.75h-1.406v-.303a2.446 2.446 0 01-1.394.435c-1.369 0-2.478-1.122-2.478-2.507 0-1.384 1.11-2.506 2.478-2.506.517 0 .996.16 1.394.435v-.304zm-11.253.619v-.619h-1.44v4.75h1.443v-2.217c0-.749.802-1.15 1.359-1.15h.016v-1.382c-.57 0-1.096.247-1.378.618zm-3.586 1.756c0-.675-.57-1.222-1.274-1.222-.703 0-1.274.547-1.274 1.222 0 .675.57 1.223 1.274 1.223.704 0 1.274-.548 1.274-1.223zm.005-2.375h1.406v4.75h-1.406v-.303A2.446 2.446 0 0114.99 15c-1.368 0-2.478-1.122-2.478-2.507 0-1.384 1.11-2.506 2.478-2.506.517 0 .997.16 1.394.435v-.304zm8.463-.128c-.561 0-1.093.177-1.448.663v-.535H22v4.75h1.417v-2.496c0-.722.479-1.076 1.055-1.076.618 0 .973.374.973 1.066v2.507h1.405v-3.021c0-1.106-.87-1.858-2.002-1.858zM10.465 14.87h1.472V8h-1.472v6.868zM4 14.87h1.558V8H4v6.87zM9.45 8a5.497 5.497 0 01-1.593 3.9l2.154 2.97H8.086l-2.341-3.228.604-.458A3.96 3.96 0 007.926 8H9.45z\" fill=\"#0A0B09\" fill-rule=\"nonzero\"><\/path><\/g><\/svg><svg viewBox=\"0 0 38 24\" xmlns=\"http:\/\/www.w3.org\/2000\/svg\" width=\"38\" height=\"24\" role=\"img\" aria-labelledby=\"pi-maestro\"><title id=\"pi-maestro\">Maestro<\/title><path opacity=\".07\" d=\"M35 0H3C1.3 0 0 1.3 0 3v18c0 1.7 1.4 3 3 3h32c1.7 0 3-1.3 3-3V3c0-1.7-1.4-3-3-3z\"><\/path><path fill=\"#fff\" d=\"M35 1c1.1 0 2 .9 2 2v18c0 1.1-.9 2-2 2H3c-1.1 0-2-.9-2-2V3c0-1.1.9-2 2-2h32\"><\/path><circle fill=\"#EB001B\" cx=\"15\" cy=\"12\" r=\"7\"><\/circle><circle fill=\"#00A2E5\" cx=\"23\" cy=\"12\" r=\"7\"><\/circle><path fill=\"#7375CF\" d=\"M22 12c0-2.4-1.2-4.5-3-5.7-1.8 1.3-3 3.4-3 5.7s1.2 4.5 3 5.7c1.8-1.2 3-3.3 3-5.7z\"><\/path><\/svg><svg viewBox=\"0 0 38 24\" xmlns=\"http:\/\/www.w3.org\/2000\/svg\" role=\"img\" width=\"38\" height=\"24\" aria-labelledby=\"pi-master\"><title id=\"pi-master\">Mastercard<\/title><path opacity=\".07\" d=\"M35 0H3C1.3 0 0 1.3 0 3v18c0 1.7 1.4 3 3 3h32c1.7 0 3-1.3 3-3V3c0-1.7-1.4-3-3-3z\"><\/path><path fill=\"#fff\" d=\"M35 1c1.1 0 2 .9 2 2v18c0 1.1-.9 2-2 2H3c-1.1 0-2-.9-2-2V3c0-1.1.9-2 2-2h32\"><\/path><circle fill=\"#EB001B\" cx=\"15\" cy=\"12\" r=\"7\"><\/circle><circle fill=\"#F79E1B\" cx=\"23\" cy=\"12\" r=\"7\"><\/circle><path fill=\"#FF5F00\" d=\"M22 12c0-2.4-1.2-4.5-3-5.7-1.8 1.3-3 3.4-3 5.7s1.2 4.5 3 5.7c1.8-1.2 3-3.3 3-5.7z\"><\/path><\/svg><svg viewBox=\"0 0 38 24\" xmlns=\"http:\/\/www.w3.org\/2000\/svg\" width=\"38\" height=\"24\" role=\"img\" aria-labelledby=\"pi-paypal\"><title id=\"pi-paypal\">PayPal<\/title><path opacity=\".07\" d=\"M35 0H3C1.3 0 0 1.3 0 3v18c0 1.7 1.4 3 3 3h32c1.7 0 3-1.3 3-3V3c0-1.7-1.4-3-3-3z\"><\/path><path fill=\"#fff\" d=\"M35 1c1.1 0 2 .9 2 2v18c0 1.1-.9 2-2 2H3c-1.1 0-2-.9-2-2V3c0-1.1.9-2 2-2h32\"><\/path><path fill=\"#003087\" d=\"M23.9 8.3c.2-1 0-1.7-.6-2.3-.6-.7-1.7-1-3.1-1h-4.1c-.3 0-.5.2-.6.5L14 15.6c0 .2.1.4.3.4H17l.4-3.4 1.8-2.2 4.7-2.1z\"><\/path><path fill=\"#3086C8\" d=\"M23.9 8.3l-.2.2c-.5 2.8-2.2 3.8-4.6 3.8H18c-.3 0-.5.2-.6.5l-.6 3.9-.2 1c0 .2.1.4.3.4H19c.3 0 .5-.2.5-.4v-.1l.4-2.4v-.1c0-.2.3-.4.5-.4h.3c2.1 0 3.7-.8 4.1-3.2.2-1 .1-1.8-.4-2.4-.1-.5-.3-.7-.5-.8z\"><\/path><path fill=\"#012169\" d=\"M23.3 8.1c-.1-.1-.2-.1-.3-.1-.1 0-.2 0-.3-.1-.3-.1-.7-.1-1.1-.1h-3c-.1 0-.2 0-.2.1-.2.1-.3.2-.3.4l-.7 4.4v.1c0-.3.3-.5.6-.5h1.3c2.5 0 4.1-1 4.6-3.8v-.2c-.1-.1-.3-.2-.5-.2h-.1z\"><\/path><\/svg><svg viewBox=\"0 0 38 24\" xmlns=\"http:\/\/www.w3.org\/2000\/svg\" role=\"img\" width=\"38\" height=\"24\" aria-labelledby=\"pi-visa\"><title id=\"pi-visa\">Visa<\/title><path opacity=\".07\" d=\"M35 0H3C1.3 0 0 1.3 0 3v18c0 1.7 1.4 3 3 3h32c1.7 0 3-1.3 3-3V3c0-1.7-1.4-3-3-3z\"><\/path><path fill=\"#fff\" d=\"M35 1c1.1 0 2 .9 2 2v18c0 1.1-.9 2-2 2H3c-1.1 0-2-.9-2-2V3c0-1.1.9-2 2-2h32\"><\/path><path d=\"M28.3 10.1H28c-.4 1-.7 1.5-1 3h1.9c-.3-1.5-.3-2.2-.6-3zm2.9 5.9h-1.7c-.1 0-.1 0-.2-.1l-.2-.9-.1-.2h-2.4c-.1 0-.2 0-.2.2l-.3.9c0 .1-.1.1-.1.1h-2.1l.2-.5L27 8.7c0-.5.3-.7.8-.7h1.5c.1 0 .2 0 .2.2l1.4 6.5c.1.4.2.7.2 1.1.1.1.1.1.1.2zm-13.4-.3l.4-1.8c.1 0 .2.1.2.1.7.3 1.4.5 2.1.4.2 0 .5-.1.7-.2.5-.2.5-.7.1-1.1-.2-.2-.5-.3-.8-.5-.4-.2-.8-.4-1.1-.7-1.2-1-.8-2.4-.1-3.1.6-.4.9-.8 1.7-.8 1.2 0 2.5 0 3.1.2h.1c-.1.6-.2 1.1-.4 1.7-.5-.2-1-.4-1.5-.4-.3 0-.6 0-.9.1-.2 0-.3.1-.4.2-.2.2-.2.5 0 .7l.5.4c.4.2.8.4 1.1.6.5.3 1 .8 1.1 1.4.2.9-.1 1.7-.9 2.3-.5.4-.7.6-1.4.6-1.4 0-2.5.1-3.4-.2-.1.2-.1.2-.2.1zm-3.5.3c.1-.7.1-.7.2-1 .5-2.2 1-4.5 1.4-6.7.1-.2.1-.3.3-.3H18c-.2 1.2-.4 2.1-.7 3.2-.3 1.5-.6 3-1 4.5 0 .2-.1.2-.3.2M5 8.2c0-.1.2-.2.3-.2h3.4c.5 0 .9.3 1 .8l.9 4.4c0 .1 0 .1.1.2 0-.1.1-.1.1-.1l2.1-5.1c-.1-.1 0-.2.1-.2h2.1c0 .1 0 .1-.1.2l-3.1 7.3c-.1.2-.1.3-.2.4-.1.1-.3 0-.5 0H9.7c-.1 0-.2 0-.2-.2L7.9 9.5c-.2-.2-.5-.5-.9-.6-.6-.3-1.7-.5-1.9-.5L5 8.2z\" fill=\"#142688\"><\/path><\/svg><\/div>"}},"liquid_hYyD8m":{"type":"liquid","settings":{"liquid":"<div class=\"product__description rte quick-add-hidden\">\n                  <div style=\"text-align: left;\"><img style=\"margin-top: 15px; margin-bottom: 16px; float: none;\""}},"collapsible_text_UrGTik":{"type":"collapsible_text","settings":{"title":"Versand & Rückerstattung","content":"<p>Wir haben auf alle Artikel einen <strong>kostenlosen Versand<\/strong> & eine <strong>30 Tage Geld-Zurück-Garantie.<\/strong> <\/p><p>Österreich: 5-9 Werktage  <br\/>Deutschland: 5-9 Werktage  <br\/>Schweiz: 5-9 Werktage<\/p>"}}},"block_order":["title","badges","price","payment_terms","separator","liquid_BACWdG","text_7gDF7V","description","separator_KJ9ifc","variant_picker","quantity_selector","liquid_McV93f","liquid_CJr3eC","liquid_P3VAXA","buy_buttons","liquid_7tkTrC","liquid_hYyD8m","collapsible_text_UrGTik"],"settings":{"full_width":true,"show_fixed_add_to_cart":true,"desktop_media_width":45,"desktop_media_layout":"carousel_thumbnails_left","mobile_media_size":"contained","mobile_carousel_control":"thumbnails","enable_video_autoplay":false,"enable_video_looping":true,"enable_image_zoom":true,"max_image_zoom_level":1.5,"background":"","background_gradient":"","text_color":"","input_background":"rgba(0,0,0,0)","input_text_color":""}},"hot_spots_DrHV7Y":{"type":"hot-spots","blocks":{"item_GRpXNH":{"type":"item","settings":{"horizontal_position":5,"vertical_position":75,"horizontal_position_mobile":5,"vertical_position_mobile":5,"icon_width":32,"title":"Verbesserte Wasserqualität","content":"<p>Filtert die meisten Schadstoffe heraus und bewahrt gleichzeitig die guten Bestandteile – für umfassenden Schutz vor Verunreinigungen.<\/p>"}},"item_4wkBNy":{"type":"item","settings":{"horizontal_position":15,"vertical_position":75,"horizontal_position_mobile":30,"vertical_position_mobile":5,"icon_width":32,"title":"Filterung des Wassers","content":"<p>Entfernt 99 % der Schwermetalle wie Eisen, Kupfer und Zink – für klare Haut, weniger verstopfte Poren und weniger Hautunreinheiten.<\/p>"}},"item_PbimPp":{"type":"item","settings":{"horizontal_position":25,"vertical_position":75,"horizontal_position_mobile":60,"vertical_position_mobile":5,"icon_width":32,"title":"Sanft zu Haut und Haar","content":"<p>Genießen Sie die Sicherheit, dass während des Filtervorgangs keine zusätzlichen Chemikalien ins Wasser gelangen.<\/p>"}},"item_cX6mxD":{"type":"item","settings":{"horizontal_position":35,"vertical_position":75,"horizontal_position_mobile":85,"vertical_position_mobile":5,"icon_width":32,"title":"Schnell & einfach installiert","content":"<p>Kein Fachmann nötig – in nur 5 Minuten zu sauberem Wasser.<\/p>"}}},"block_order":["item_GRpXNH","item_4wkBNy","item_PbimPp","item_cX6mxD"],"settings":{"full_width":false,"image":"shopify:\/\/shop_images\/Nach_30_Tagen.png","mobile_image":"shopify:\/\/shop_images\/Design_ohne_Titel_42_feb2422f-140e-4129-9c4b-bbeb46a9b074.png","title":"","content":"<h3>Was der Walios-Filter bei Ihrem Wasser bewirkt?<\/h3><h3><\/h3>","button_text":"Jetzt Wasser verbessern","button_url":"#","desktop_text_position":"place-self-start text-start","image_background":"","image_background_gradient":"","overlay_color":"#000000","overlay_opacity":0,"overlay_text_color":"#000000","overlay_button_background":"","overlay_button_text_color":"","hot_spot_dot_background":"#5a6655","hot_spot_dot_text_color":"#ffffff","hot_spot_content_background":"#ffffff","hot_spot_content_text_color":"#000000","hot_spot_content_opacity":90,"hot_spot_content_blur_radius":3}},"text_with_icons_yfPQtD":{"type":"text-with-icons","blocks":{"item_nkYiYF":{"type":"item","settings":{"icon":"picto-coupon","custom_icon":"shopify:\/\/shop_images\/3_8818c197-76be-4c4d-9b7c-04f4c5119d12.png","mobile_icon_width":48,"icon_width":56,"icon_background_type":"none","icon_background":"","icon_color":"","title":"","content":"<p><strong>Designed in Europa<\/strong><br\/>Hochwertiger Filter, designed in Europa, und erfüllt höchste Qualitätsanforderungen für Wasserreinheit.<\/p>"}},"item_BBQ7da":{"type":"item","settings":{"icon":"picto-coupon","custom_icon":"shopify:\/\/shop_images\/1_6a258246-b4cb-4e1c-82e9-38300ad259e9.png","mobile_icon_width":48,"icon_width":56,"icon_background_type":"none","icon_background":"","icon_color":"","title":"","content":"<p><strong>Einfache Installation<\/strong><br\/>Bringen Sie Ihren Walios-Filter in unter 5 Minuten an – ganz ohne Fachmann.<\/p>"}},"item_hmXCHX":{"type":"item","settings":{"icon":"picto-coupon","custom_icon":"shopify:\/\/shop_images\/2_1b51659e-dbb5-4052-b2d8-638e665e0d4f.png","mobile_icon_width":48,"icon_width":56,"icon_background_type":"none","icon_background":"","icon_color":"","title":"","content":"<p><strong>Sofort reines Wasser<\/strong><br\/>Entfernt sofort bis zu 99 % der Verunreinigungen aus Ihrem Wasser.<\/p>"}},"item_fFnNWK":{"type":"item","settings":{"icon":"picto-coupon","custom_icon":"shopify:\/\/shop_images\/4_0eba121f-9320-4e1a-964a-3b9d8f4d90f7.png","mobile_icon_width":48,"icon_width":56,"icon_background_type":"none","icon_background":"","icon_color":"","title":"","content":"<p><strong>30-Tage-Garantie<\/strong><br\/>Entweder Sie lieben es, oder Sie bekommen garantiert Ihr Geld zurück. <\/p>"}}},"block_order":["item_nkYiYF","item_BBQ7da","item_hmXCHX","item_fFnNWK"],"settings":{"full_width":true,"stack_on_mobile":false,"title":"","heading_tag":"h5","text_alignment":"center","icon_spacing":"small","background":"","background_gradient":"","text_color":""}},"media_with_text_6VHh9L":{"type":"media-with-text","blocks":{"image_gRN3xY":{"type":"image","settings":{"image":"shopify:\/\/shop_images\/Produktfotos_Walios_1_e534d032-5f32-44ba-8948-1a698962d895.png","media_width":50,"media_position":"end","text_position":"place-self-center-start text-start","icon":"none","icon_width":48,"subheading":"","title":"Steigern Sie die Hautfeuchtigkeit","content":"<p>Nutzen Sie die Kraft des gereinigtem Wassers und verwandeln Sie Ihre Haut mit Walios.<\/p><ul><li>Gewöhnliches Leitungswasser kann Ihre Haut austrocknen. Helios hingegen spendet Feuchtigkeit und Nährstoffe.<\/li><\/ul><p><\/p><ul><li>Die Installation ist schnell und unkompliziert, und der Filter wertet Ihre Spüle stilvoll auf.<\/li><\/ul><p><\/p><ul><li>Studien nach entfernt Walios effektiv zahlreiche Schadstoffe.<\/li><\/ul><p><\/p><ul><li>Durch die Reinigung Ihres Wassers sorgt Helios für einen strahlenden, gesunden Glanz Ihrer Haut.<\/li><\/ul>","link_text":"","link_url":"","background":"#ffffff","background_gradient":"","text_color":"#000000","text_gradient":"","button_background":"","button_text_color":""}}},"block_order":["image_gRN3xY"],"settings":{"full_width":false,"spacing":"none"}},"faq_FnaeV8":{"type":"faq","blocks":{"item_7LLqLC":{"type":"item","settings":{"title":"Passt Walios zu meinem Waschbecken?","content":"<p>Walios ist mit vielen EU-Spülbeckentypen kompatibel. Jedes Filterset enthält zusätzlich einen Adapter, um eine perfekte Passform sicherzustellen.<\/p>"}},"item_m9jLnF":{"type":"item","settings":{"title":"Wie unterscheidet sich Walios von anderen Filtern?","content":"<p>Walios ist der einzige Waschbeckenfilter seiner Art, der für die Nutzung mit heißem Wasser zertifiziert ist. Unsere fortschrittlichen Sedimentfilter, angereichert mit Vitamin C, fangen Schadstoffe effektiv auf und verhindern die Probleme von Kohlefiltern, die bei heißem Wasser Schadstoffe freisetzen können.<\/p>"}},"item_AQNaax":{"type":"item","settings":{"title":"Ist die Installation von Walios kompliziert?","content":"<p>Die Installation ist sehr einfach und dauert nur 5 Minuten. Sie brauchen keinen Fachmann – folgen Sie einfach unserer benutzerfreundlichen Anleitung, und schon können Sie sofort von sauberem Wasser profitieren.<\/p>"}},"item_XmYVmP":{"type":"item","settings":{"title":"Welche Verunreinigungen entfernt der Walios-Filter?","content":"<p>Walios entfernt effektiv eine Vielzahl von Verunreinigungen, darunter Schmutz, Rost, Mikroplastik, Bakterien, Schwermetalle und Chlor. Unsere Filter sind für den Einsatz mit heißem Wasser ausgelegt und beseitigen sichtbare Feststoffe sowie hohe Chlorwerte durch die Vitamin C-Wirkung.<\/p>"}},"item_cUApFA":{"type":"item","settings":{"title":"Welche Verbesserungen kann ich nach der Installation von Walios erwarten?","content":"<p>Bereits innerhalb der ersten zwei Wochen berichten Kunden oft von deutlichen Verbesserungen ihrer Hautgesundheit. Der Walios-Filter hilft, Ausbrüche zu reduzieren, Hautreizungen zu lindern und Rötungen sowie Entzündungen zu verringern.<\/p>"}},"item_4XqBUa":{"type":"item","settings":{"title":"Ist das gefilterte Wasser trinkbar?","content":"<p>Der Walios-Filter ist speziell für die Verwendung bei der Gesichtsreinigung, dem Zähneputzen und anderen Anwendungen im Badezimmer ausgelegt. Er ist jedoch nicht für die Trinkwasseraufbereitung konzipiert.<\/p>"}},"item_f9dAET":{"type":"item","settings":{"title":"Wie oft sollte ich meinen Filter wechseln?","content":"<p>Um eine optimale Leistung zu gewährleisten, empfehlen wir den Austausch des Filters alle 4 Wochen oder nach 30 Tagen täglichen Gebrauchs. So stellen Sie sicher, dass Sie stets die beste Wasserqualität und Filtereffizienz erhalten.<\/p>"}}},"block_order":["item_7LLqLC","item_m9jLnF","item_AQNaax","item_XmYVmP","item_cUApFA","item_4XqBUa","item_f9dAET"],"settings":{"full_width":true,"subheading":"","title":"Eure Fragen, Unsere Antworten","content":"","team_avatar_width":160,"support_hours":"","answer_time":"","button_text":"","button_url":"","text_position":"center","background":"#ffffff","background_gradient":"","text_color":"","heading_color":"#000000","heading_gradient":"","button_background":"","button_text_color":"","accordion_background":"#bbc7b6","accordion_text_color":"#000000"}}},"order":["main","hot_spots_DrHV7Y","text_with_icons_yfPQtD","media_with_text_6VHh9L","faq_FnaeV8"]}